,score_paper,score_me
0,1950.8099540136755,1666.5590405724943
1,896.6197029964533,1273.127858391963
2,3727.4728583609685,3327.705928977579
3,1781.0056287012994,1291.6283509396017
4,3438.738400634378,3376.417429741472
5,2162.1793187707663,2295.636306545697
6,7245.809332825011,5594.264445606386
7,1332.7170574655756,1251.7558398058172
8,2268.7030871054158,2696.6082523427904
9,1004.9614349864423,825.2153996489942
10,5993.10901596304,4831.570804699324
11,2359.464736214839,2310.5249798127916
12,1170.2704617509153,1106.388479884714
13,2026.5613048514351,2115.4762025994714
14,1496.1355195993092,1967.1841176114976
15,1607.3048224837985,1350.9089498182293
16,676.4543603563216,727.3751186728477
17,1737.079134031199,3190.474095999263
18,973.2179815620184,1205.896315218648
19,3027.2499410277233,2406.2060122452676
20,1088.5637805757578,898.7185679653194
21,850.4315714517143,452.6622666956391
22,3726.3081163743045,3251.01258484181
23,2677.159213718027,2157.2092689012643
24,907.2824053009972,1086.824203073047
25,1911.2177280783653,2464.214438929921
26,1670.4066225877032,1392.1160889656749
27,1416.6556615494192,1670.350682160817
28,1630.467624049401,1767.7336938381195
29,1055.49756938871,1441.7766006605234
30,1426.2357471501455,1440.8311291895807
31,3453.090869292617,3126.3796825669706
32,1783.7635472265538,1631.9388456994202
33,1402.2532653575763,2064.084910020232
34,1519.4087615273893,2279.309585935436
35,7453.194425487658,5829.889739138773
36,1563.1392119468655,1316.5847927236464
37,3749.96724486351,2861.2137539775576
38,1249.784240721725,1311.5274858735502
39,1441.357372801518,1396.0057011356112
40,957.4986576081719,1367.1073039730545
41,1564.7630398832262,1896.6273796027526
42,2857.9137319391593,2401.7442937081214
43,7459.593022187939,5737.347878163448
44,1779.7210229539778,2160.3130987733603
45,1490.2684952092823,2174.8720670358744
46,2986.023335084319,2772.2425741681363
47,2917.8747288547456,2856.2079022191465
48,3689.3206588588655,3147.5176565498114
49,2085.436604363611,3162.9334932060447
50,4404.040957204066,4463.509571648203
51,2746.2115202993155,2356.4728296659887
52,3191.25744413957,3089.1860280893743
53,3021.70210051327,2641.077611513203
54,1066.2990676304325,1032.3835862891283
55,988.0529702752829,938.0517183037009
56,1657.4097566008568,2499.303084768122
57,2038.518382722279,2151.8384567701723
58,3287.712134487694,2541.216591456672
59,3416.5030769424047,3263.15948843956
60,2022.46375798597,2408.7994650749024
61,966.911964999279,1339.6814714854117
62,1731.892524506664,2108.6126849642023
63,1912.5680926346686,2208.4699604874477
64,1250.8004792779684,979.3848019083962
65,3602.5134764274117,2920.6000042548403
66,1490.406758918427,1710.4825371271
67,491.2713080905378,498.38138097524643
68,1078.816639519995,1316.3720478971954
69,2195.965510133421,2418.4001617373433
70,4430.308414805448,4223.035458561033
71,2412.058809723705,1793.522430142155
72,1938.95060400269,1438.820277252933
73,1312.3468352407217,1331.8068325808272
74,1109.0976418347564,1040.98961308226
75,2338.5192257724702,3121.657938069664
76,2604.8307340142783,2431.347702007508
77,6500.286451371154,5019.003266248619
78,1447.572370907059,1118.7096381576266
79,2683.6373413333204,3038.9772760709748
80,1435.0610568912234,1680.3796155618038
81,2638.025664686924,2487.283188612899
82,8488.2484809421,6420.256206232822
83,3188.4205526849255,2403.165905540576
84,2103.1421341763344,3074.207086350769
85,1721.1270820291247,2166.7665446230676
86,1368.0396922675427,1168.8236094524618
87,3744.7687324450817,3211.8413127546664
88,2074.3339327124413,2387.2116384506226
89,1165.4648442452308,1765.5136142184492
90,1005.2793221538886,846.7599027154502
91,724.5830732500181,935.7594556116965
92,2092.409310963005,2852.456652200781
93,945.0713102780282,939.2802608159836
94,2864.1784975340124,2316.1351132167038
95,2272.6336264014244,2252.757437285036
96,1955.9846632471308,2534.3194818347692
97,2392.700883372687,2296.606336086057
98,8466.75943142525,6430.783764030784
99,1911.8840988145676,1907.0853642076254
100,3679.0011769374833,3160.031593493186
101,1985.7980797206983,2462.0929137161
102,2043.6968677302357,2702.819276571274
103,1589.6433866710868,1336.4445697234478
104,1755.2937672697008,1235.3838242755737
105,2073.8174429526553,2042.9851087050047
106,1228.6001709231641,1930.8392026424408
107,1158.3800371193793,1547.2162000422832
108,2042.8844220638275,1969.9936125716195
109,944.1771409874782,755.9996788965072
110,2061.023007120937,2091.7302958851214
111,1051.712511246791,1389.7028496561106
112,1372.9768142045941,2183.4893868258223
113,2035.5936214530375,2127.4871669104323
114,2566.7397781461477,2604.486020005308
115,1406.3867893479764,2371.6071299277246
116,3100.378806114197,2271.7192245943006
117,3231.1048557234462,2661.6202445921954
118,1462.8477381651755,2087.3993987848517
119,2884.158746307483,2334.1367397753056
120,1850.9556869110093,2109.4729437769856
121,5294.469050718239,4096.127827133983
122,3323.82207551226,2712.5399039869662
123,1186.4789620488882,1550.0772073231637
124,1934.1859982756432,1853.564986645244
125,1581.608748909086,1172.7536747967824
126,1298.969543495914,1713.327223625034
127,7462.367718631169,5780.412271912908
128,7710.42389726243,5987.070836381754
129,2868.377918741666,3274.7886710232124
130,2970.9529216848314,2343.4782311373856
131,1048.6765665858984,1785.33758476004
132,3077.0339966081083,2330.4844926586375
133,814.3118595124688,933.5493529622909
134,1487.8589414954185,2412.219154773047
135,3260.4655998013914,2918.100959985517
136,2262.321895948611,2201.6428019234445
137,2248.8770993722137,2467.666900874814
138,4725.769115144154,4273.168298091739
139,2271.5839771141764,2624.0209452023264
140,2026.8051556861028,2221.3572941252496
141,3834.0055402368307,3612.4918607266154
142,1365.273730467772,1511.33703393396
143,1375.2375826239586,1363.747592944419
144,5630.350811219774,4829.46673040255
145,2238.0294183434453,2198.107940754853
146,3354.146972327493,3396.36593651399
147,1482.3734124840703,1182.0875820657238
148,2446.9511107467115,3027.052558660507
149,7437.760493185371,5933.083666234277
150,1909.0958212630358,2676.6573349973187
151,2375.72912203311,2149.9771159254014
152,1519.787551900139,1743.9734774744138
153,1015.7286289127078,1265.1976301816758
154,1957.3829116409179,2004.255459651351
155,2967.521310521057,2752.802022448741
156,3020.683618988609,2512.282207264565
157,3326.0355610696133,2545.2043480724096
158,7691.244901507162,6036.798087120056
159,1281.7718229608145,1487.6454751631245
160,1657.3160983286798,2582.181177317165
161,916.544354112586,808.023116361117
162,4867.9642636606,4064.2600198229775
163,6162.15056383214,5163.387977532111
164,1547.1508597729262,2083.1153226511087
165,3175.3134407401085,2462.50887966156
166,1232.5023425957188,1428.6067296860274
167,1422.586830704473,2236.478495351039
168,1963.584188429406,2321.9162394383457
169,1560.9926123023033,1973.5943908458576
170,3452.3653640893754,3653.6348339018878
171,1785.6389455758035,1446.3840789122041
172,958.0686247786507,1449.3806504271924
173,7909.097785534104,6059.752575456863
174,1629.9538964321837,1371.0405604690313
175,1454.894205596298,1229.900788512081
176,2426.6599599530455,3319.457395847887
177,1982.2459076633677,1748.5190403012093
178,909.6506429610308,922.9282223945484
179,2173.604347061133,1602.6650647185743
180,1551.417661772808,2235.6638030817267
181,1017.6494600435253,1587.9468965670094
182,7222.815387401497,5570.124031401938
183,1674.8957804134116,2046.8116874061525
184,1151.9070233395323,1241.732540961355
185,1383.8892075382173,1488.8162852337118
186,2011.7378893883433,1784.522464766167
187,6096.3997004868,4947.216568793869
188,8402.331541893771,6328.269072558731
189,1705.8695065639913,1404.5722168302163
190,1321.196796759963,1628.8511957058217
191,1089.162290867418,1232.1331987825688
192,1462.0401317605283,1752.0701511269435
193,3002.7576713615563,2368.1012716402765
194,2776.328514522873,2211.3783644733485
195,2211.352086312836,2124.3209221379366
196,2922.4024127088487,2279.8090569637716
197,732.0440340479836,733.9856661399826
198,6463.131659658393,5706.676568021765
199,3022.67851807829,4178.633482724195
200,2719.1525908650365,3233.9838995074388
201,1871.8425987826195,1819.2009122371674
202,1363.287662015995,2047.0453190987464
203,4015.474434559932,4034.1673029882368
204,7928.153755020117,6058.274203147739
205,6707.494522697991,5502.20119050052
206,3269.8172896942124,3101.757782066008
207,1415.6865913718939,1632.722421942046
208,4409.546395484125,3905.2839733324945
209,1008.9789319837,789.7092622807249
210,7962.2350140751805,6129.720579779707
211,2174.4056854248047,1992.9128250775393
212,7776.45841706451,5949.689539577812
213,2307.72778174188,2307.8797889610287
214,2505.817372739315,2744.86464167363
215,870.6695678958204,894.5592557555065
216,3387.459074041806,2970.4853988550603
217,1589.2730303087737,1871.168469624361
218,2567.83088793396,2360.5502506159246
219,1413.0276240722742,1645.353847488761
220,1108.9576839050278,1338.3127025698777
221,2893.636801805347,2435.853797674179
222,1809.807585924631,1513.9211776049342
223,3244.1698584330734,2593.11504420056
224,2051.634777856758,2360.196518330835
225,3295.359717583051,2506.8517776690423
226,2960.7309797918424,2533.2211965487804
227,855.2738916387316,751.7272289821412
228,6568.99657882168,5143.998964753002
229,7535.018293907633,5826.13850380457
230,1029.475416420959,991.6566955817398
231,3129.1600668393075,2574.8399235119577
232,8821.075858323835,6607.033766536973
233,850.973625308834,1124.7373950332403
234,8641.692400652682,6420.717893539928
235,1801.693825894734,2389.5540877932217
236,3024.6554897045717,2414.3239302299917
237,2977.395813181065,2319.143763823202
238,1335.2443537616637,1052.3650672414806
239,1780.6014899665024,1915.9539894461632
240,2716.8407991712447,2842.0945829749107
241,1880.691813522717,2394.6810843811836
242,1640.430875591701,2245.562027487671
243,1239.7086354640778,1920.6120137663092
244,1184.1040865173563,1854.502329438692
245,1314.442593566142,1129.1435182949062
246,1670.1819661818445,1675.8202278232202
247,2387.4040670690592,1818.2890428879764
248,3887.038765160134,3643.15155756101
249,1161.2386828511953,1386.329962583026
250,1343.4219576416072,1616.931322976714
251,2821.707701615058,3548.4753828011453
252,1158.367782307556,1148.9242477265652
253,2677.4993612205144,2672.8327953778207
254,2147.022554903291,2445.8769110308494
255,7414.113670376828,5798.335097752279
256,2577.30995073542,2302.427455151221
257,1267.2933828642126,1627.3353733420372
258,2492.796572841471,3238.6367310823407
259,1295.161330013536,1442.3760149544105
260,7490.67154745548,6294.332884176634
261,1445.6718825863209,2253.6767836948857
262,1680.7877503202762,2095.224124438828
263,2760.7905112744775,2379.0373365913983
264,2190.2280663540587,2372.8272048076615
265,1711.5750989317894,1794.8633487967309
266,6245.298314355081,5121.617766316747
267,7339.982544776052,5686.750566145172
268,5614.865903428756,4641.844850476831
269,1761.8876611730084,2163.803602456115
270,3566.198062837124,2631.375965646468
271,3084.726813613437,4182.404905732721
272,1249.1969300077762,971.3431304460391
273,2980.492143152049,2352.1271802447736
274,1548.8176511710044,2077.098368651932
275,1175.896180033451,1478.0310210788157
276,3003.9521363039967,2325.428383386694
277,1723.9409273506608,1438.4409069230314
278,2020.7962299173232,2327.7242206090596
279,815.3751806979999,843.826845790958
280,4123.826972231269,3481.0774907916784
281,933.5709917237982,922.9165224432945
282,958.9632656043395,892.9581487029791
283,2824.5091908739414,2265.9640196999535
284,2726.0137194672134,2570.8986160522327
285,8360.16209968552,6366.941305059707
286,3617.058440684341,4519.520504980348
287,1971.9965438013896,1835.9008573086467
288,996.6483900432941,937.0637046878692
289,1051.5336455905344,1538.6307625621557
290,5927.751710152021,5552.675197347999
291,1334.0069104691502,1237.6421351896133
292,2314.3625822269823,2310.321068718098
293,2163.6023864150047,2300.6956899387296
294,1740.4918455444276,1409.1598471067846
295,6892.400038363179,5641.815450761234
296,3708.149928911589,3478.199337107828
297,870.8925166791305,1126.2376473238692
298,1023.0323351228144,1287.0508373044431
299,952.9324798583984,974.6359550633933
300,2868.6819276213646,2397.069796553813
301,1715.3625151775777,1316.3376811628696
302,3067.978971875971,3278.812030406436
303,1282.3326639793813,937.348903083941
304,1059.5933600997087,1175.2738093750086
305,1852.8519649421796,2321.5968953871634
306,1880.8754577701911,1779.3140693099704
307,1122.5432005813345,1916.7575160802808
308,2262.7313573798165,2025.5782005777583
309,7912.491179492325,6162.447374357842
310,7544.584130003117,5791.003697759472
311,1331.3584869129118,1961.0997782160994
312,930.8701049701776,887.0033156722784
313,2306.2358970046043,2838.822589843534
314,3034.3686914509162,2483.762706603622
315,919.9437322616577,892.3560037016869
316,2398.0794571489096,2805.988728122553
317,2162.5316751962528,2717.6156674509402
318,1095.7243955573067,1427.1961921767797
319,3280.1543229126837,2461.757453579223
320,2079.220307870768,1954.2864626308437
321,1857.590786214918,2299.12247415795
322,4367.593944965862,3983.7839774154127
323,1352.3587979814038,1493.8469050617423
324,2867.200131878257,3036.322879552841
325,907.7118413557764,1114.7337368391454
326,2429.02018713858,2794.7332067489624
327,2092.5434206386562,2031.375745456433
328,3128.1761072538793,2633.355645045638
329,938.3349269104656,1265.6277942573652
330,6779.21513687796,5465.496912822127
331,8216.720118924044,6188.4378142559435
332,6372.470254381886,5289.554692845559
333,1434.7138568328228,1297.9295179387555
334,7691.049870623043,5935.979563982924
335,3156.198886094382,3190.910696147941
336,1755.6805876453873,1680.92246501497
337,1644.391861345619,1456.6322606855538
338,788.2248678503092,1033.7654479593039
339,1623.5333268493414,1353.367775251856
340,1579.448245964013,1191.2703286251053
341,5846.158302778145,4640.1202230118215
342,3089.2115620558616,2361.1116593831684
343,1100.4654329360928,1214.5809153281152
344,2329.505492954515,2118.3350452294108
345,1132.7357692979276,1336.2026582432445
346,1232.5051554357633,1829.9655036123004
347,3753.2611923383083,3093.596005694708
348,2401.9495973659214,2255.6706336510833
349,2916.775167969754,2228.7105574570596
350,3006.7131078243256,2275.923627730459
351,815.3566058629658,1371.1350984489545
352,1324.225484635681,1264.670845954679
353,2668.528734639054,2335.371921553975
354,859.000092835864,1064.5630031665787
355,1962.3834034798201,2469.025791373104
356,2251.4599221663084,2346.6886932393536
357,1482.5123847888317,2447.642770033097
358,2999.8292043784168,4014.9030352681875
359,1865.5537399314344,1896.6070973218884
360,1662.602549010655,1317.2222914767917
361,7917.759620367549,6132.7526418620255
362,1354.9108825249132,1557.0836432538927
363,3281.4117008314934,2429.156365953153
364,2956.801072560018,2247.929799899459
365,946.7909387813415,1254.0308215913828
366,7500.176478395006,5788.431985601783
367,3078.6010523492005,2445.2035608254373
368,6566.7909425345715,5475.182088829344
369,3157.370742074214,2438.7311385551
370,1289.7105100450572,1654.987339321291
371,1846.859947975492,1859.4561425277498
372,3383.5269424559083,2549.1885785153136
373,1056.1498804604635,901.5224974357989
374,1977.7045846050605,1526.857935845852
375,2760.8957387858536,3012.221690332284
376,2004.306865658611,2656.470514743589
377,1679.8061652274337,1978.0907836845145
378,2573.1603884659708,2357.1322774884757
379,2872.5100931972265,3640.431195362471
380,2629.7785200737417,2269.313917352818
381,3999.8102975038346,3873.164618190378
382,833.0418879704084,699.7822061942425
383,1690.578496353468,2308.841527379118
384,1868.7320872524288,2714.1780346892774
385,1518.9348969736602,1734.874939877307
386,3028.0842656304594,2374.702375165187
387,7629.84441421926,5894.293300076388
388,3144.2957510834094,2494.183107774472
389,1635.1621204279363,1688.582355759805
390,2220.994671589695,1941.6542791724205
391,2811.4692123269197,2367.005378065398
392,4887.0810884526,4230.813184965169
393,1392.5733421945479,1791.9212489714846
394,2831.8618761019316,3615.4835334846284
395,992.5405791765079,873.8292672634125
396,4007.633585529169,3595.226145062363
397,1415.9835032352712,1100.5804989708122
398,1525.6106693462934,1586.8010716435965
399,987.8120262210723,1391.2554189951625
400,1676.2158229311462,1339.268264764687
401,3203.699709739303,2595.004275663756
402,1051.9612711360678,907.5716234163847
403,1181.5123150488362,1802.6439080180135
404,1032.0322901231702,1280.778951860033
405,4512.417617367348,4240.362109478563
406,1872.4266858361661,1726.0155170036014
407,7171.176743722521,5547.029904540628
408,1633.4533653259277,1432.995467534056
409,1086.1804813125636,1649.9675543548074
410,1451.1372273208108,2025.920039828634
411,2090.015731205931,2317.4159463495016
412,7203.622560589574,5616.738778140163
413,2052.479112252593,1963.868831500411
414,3918.976197711192,3447.1959989757743
415,2249.4604771099985,1978.5292862122878
416,5475.927902731812,4846.2024198190775
417,1060.641297708964,1335.608528909972
418,1262.3111168832984,1937.4462653731462
419,1989.8675530252513,1853.754408027744
420,1555.71974035725,1290.3309617899358
421,2897.8039346002042,2360.2974359372165
422,2703.417038921034,2117.5501353514846
423,2804.3295171260834,3387.5170581636485
424,1318.2417075000703,1457.2030026605353
425,2142.1038684248924,2414.8427297526505
426,3900.1974215579685,4013.8409823754337
427,1020.0658416037913,924.3264168351889
428,5600.657216122141,4509.918106060242
429,878.2586984038353,713.283999161562
430,3164.545026406646,2523.8319933973253
431,1036.0959655845072,1189.3200459906366
432,6544.701666708803,5133.744063554099
433,7067.659391470021,5620.623883470893
434,2715.0687586718705,2360.198367080651
435,7203.5613165793475,5687.676155091962
436,1573.1699733138084,1276.7428165525198
437,2544.285602912074,2832.7033081715927
438,1038.1918414523825,1195.4573159811553
439,1463.0195134261157,1943.2987941408064
440,5576.751334544271,4631.173267304897
441,1009.4946121943649,1508.4512116909027
442,1721.380277856253,2520.4890259576496
443,1151.8979377588257,1122.4274726936128
444,1266.2415706363972,2061.928976706229
445,6303.634423426352,5079.704468753189
446,1273.9721111655235,1341.906620943686
447,6491.62820432242,5368.353816833347
448,3005.149408729514,2379.753024294041
449,1655.508286564611,1984.3615113189444
450,2799.787384863943,2084.1162721961737
451,1110.8408724197652,983.3594945555087
452,2316.724726756802,2978.861673483392
453,2692.768263662001,2350.1495932033285
454,6696.5101890563965,5230.1521446814295
455,1698.2424425929785,1939.2321143588051
456,1232.1250645739492,1580.6479154636618
457,1088.9518093913794,968.2082175163087
458,1465.4197998046875,1661.1728214637842
459,8293.088683214039,6224.029726973735
460,2768.6887969297823,3291.1541375310626
461,1503.2305962943938,1150.836272857152
462,3404.1186943612993,2600.9661087458953
463,1386.4360037872102,2089.431096283486
464,924.8607397079468,842.1130379289389
465,7370.146053909324,5630.619953598827
466,1570.3471981547773,2017.4884546899702
467,2710.808273255825,2544.465068336576
468,1861.7046086264309,2832.843312844634
469,1297.7101882898714,1038.5086924992502
470,1200.9220422876533,1974.0343913426623
471,846.9070557048544,1066.791322812438
472,2891.3369046968874,2302.198586208513
473,1330.180381028913,1599.9866353534162
474,711.865827785572,588.0232120619621
475,1238.4242774313316,1082.9226217938121
476,748.2705027831253,1254.0813656663522
477,1308.1765845154878,1216.8042891898658
478,1565.3598764759954,1260.902213835856
479,990.9160926321056,1075.5618253713474
480,1088.9902564138174,1373.9030245803297
481,899.3462399085984,972.9624124616385
482,2359.7362475059927,2206.5026968994644
483,1086.545210618293,1005.5647875962313
484,1822.2562436440494,1328.678819158813
485,2881.9800097113475,2435.913478030823
486,2118.043192321202,2465.7671746404376
487,3292.2829949250445,4558.9719401448965
488,1884.0671083142515,2078.589300658321
489,873.5398935638368,797.9634029117879
490,1002.9723582183942,1493.5242617332842
491,1586.1143091581762,1167.001338600181
492,8086.385375943035,6069.097339734435
493,1425.6928350888193,1341.4413055980112
494,792.7361864445265,785.322642016923
495,1126.4647366851568,1452.8162553375587
496,3712.735511213308,3033.736718601547
497,1173.9343852919992,1236.1913553141057
498,1540.8411375135183,2115.1244796195533
499,1589.3299776278436,1814.212682336336
500,4934.65989758051,4809.746837079525
501,921.0952426157892,1123.4335017108824
502,3220.6989726414904,2549.7937626242638
503,6204.491574594518,5117.398937549442
504,1384.5316134800669,1942.6793197058141
505,1648.9823928677943,1366.0393648585305
506,1289.1364148089197,2095.8868754541036
507,1008.6948363846168,1416.8877807871904
508,864.3302417658269,1199.9561335758772
509,2430.2033140873536,2650.6463943487033
510,2175.9228859634604,2347.54072673223
511,3342.4295870624483,2435.306570230983
512,1730.5749288143124,1539.3693582862616
513,1336.4386609026697,1211.1608690430876
514,1856.4170057808515,1296.8172288676724
515,2689.3196949362755,3354.028096780181
516,4369.401460459223,4189.594128172612
517,1229.4497296661139,1927.9678620283958
518,2825.7093983739614,2522.6496001444757
519,2305.084447622299,2654.3566591506824
520,3302.5162555144634,3552.32335701189
521,3315.1852513642516,3461.621915578842
522,1215.325988765806,957.1761759733781
523,3074.357995953411,2417.8978192657232
524,1618.863888851367,2451.830999258673
525,1389.527357823914,1984.7871157804038
526,3067.561861774884,2545.5857530497015
527,1160.0435531788971,1698.0082616657019
528,2606.9150156378746,2457.4134049115237
529,1389.5092673019972,2224.9521325677633
530,806.386319178855,1070.8996036611497
531,2333.312996990746,2388.1014351507183
532,2133.389139318606,1733.6130742877722
533,3401.1683937376365,2440.348250236362
534,3859.7643281777855,3146.5740461191162
535,3183.9828770325985,3356.0202942730393
536,1488.1224707623478,1417.8133898244705
537,2177.8434977212455,2820.605883650249
538,908.4841350913048,1111.0913705816492
539,1319.8637399261352,1067.739436483942
540,2701.7333971112967,2718.448126882082
541,1628.695342762163,1625.1103844633326
542,2748.5912450542673,2408.067652276717
543,7356.149430567166,5622.5419509036
544,1636.326202273136,1769.872979104519
545,1742.968851696467,1574.7003622055054
546,1253.3026672219858,1117.335184640251
547,3365.1027716433164,2658.7870891687926
548,2856.9167981946375,2335.44637844502
549,2357.95303450129,3100.5402358972933
550,1729.7422569654882,1837.5194545255508
551,7557.439801751636,6037.7882556458935
552,621.8511762833223,359.84818381420337
553,1872.5007347704377,2078.7832843624055
554,1848.722436263226,1918.7449069386348
555,2819.322259153938,2313.9786825180054
556,953.3107201547828,1026.1629248110112
557,3324.409244781127,2531.1830353287514
558,3272.3359072224703,3401.733982142061
559,946.6477294852957,1478.092963307863
560,2504.9021533259656,2240.13676828146
561,1171.0623295158148,1521.4491210633423
562,2712.435568660265,2193.255471154116
563,3094.7361078402027,2541.5917875533924
564,1428.7035069165286,1679.717269010609
565,933.1802547788247,554.9172156432178
566,2037.4553510562982,2318.696702774614
567,2839.2369485662784,2325.159791549435
568,1167.535054947948,1531.1700584997889
569,1293.4125359915197,1488.3704813958611
570,2639.152497481322,2765.146476875758
571,983.4406954178121,782.9862092824187
572,4308.914610368898,4306.078096499434
573,8311.834171946859,6332.50356954243
574,3133.0503687483724,2487.531276336871
575,2261.535793406656,2404.933867624961
576,1067.986292711459,1506.607629183447
577,908.7019380142447,847.6158301495016
578,1693.3776334354188,1215.281095005339
579,874.5765996163245,891.9103981917724
580,1130.0899877548218,1303.8412823711988
581,1054.5055273955222,1136.7633331229445
582,1576.2064737342298,1971.8633080495056
583,1089.5360477061477,1237.0773040018976
584,4064.737578138709,3480.779993917793
585,999.5855609914288,1006.6432468853891
586,1027.7020547389984,1626.5474225149956
587,2746.3232439064886,3307.662019558018
588,2651.0396026091184,3204.203186929226
589,1298.2766174373683,2042.039986117743
590,2775.91915486753,2126.1184466471896
591,3561.308822994819,3452.3218056624755
592,1311.4732278278098,1301.3101779185236
593,1811.416730310768,2227.6614328613505
594,4477.243047844386,4109.571834243601
595,2468.1435641755816,2720.808093780419
596,2923.771795257926,3572.6679813480005
597,4706.280132479733,4848.884516521357
598,1414.769309261581,1352.3871076693758
599,1780.7397749265656,2534.7969397564884
600,1601.559681049548,1697.8440209103283
601,1133.0743175595999,1689.9537808091845
602,1151.459281321615,1624.8487668631133
603,1297.3373183608055,1721.6191472411156
604,1364.0950774361845,1511.852055490017
605,1169.550817500567,1688.1922295538243
606,6396.626271795249,5216.445967923617
607,2461.030101220822,2497.6534417336807
608,1834.2434745691717,2125.440747899702
609,1950.8925997426268,1495.6557459682226
610,1090.2240321596619,881.4047237485647
611,7163.893494380405,5681.276854515076
612,1214.8379086097702,1295.9108999350574
613,1786.4477618706878,2242.346307176864
614,1439.2450982925948,1193.5393211429473
615,1347.7930652161594,1960.551898947917
616,1599.4679872756824,2133.0408462574705
617,8180.072169332765,6106.295498322463
618,1529.797808743082,1986.6061181873083
619,1352.4656792543828,2155.4341108349618
620,7349.759899437195,5631.604015290504
621,967.2071884328034,1100.8750574381556
622,2960.7863126804586,2218.7079535983503
623,5456.061753258109,4852.64857372269
624,2356.1690884679556,2255.6632346510887
625,2522.0136861500796,3089.9029729366302
626,1477.2118467651308,1304.0655940116849
627,1338.314595654374,1782.0143006888684
628,958.2336197306868,904.2323694115039
629,1871.8821898316965,1625.3787061457988
630,1459.548214055365,1820.3551525091752
631,2544.6730156233534,2789.635230064392
632,1032.0889989843126,1068.3631124494132
633,1642.5459713821765,2357.3657893976197
634,1541.7870518786367,1948.0728269030806
635,1877.4076366738882,1685.378789080074
636,2923.173518297961,2570.135473366827
637,7084.654198630713,5449.962419871008
638,1913.4006555080414,2182.501150279306
639,1890.151524182409,1908.668349683052
640,2558.525811470812,2991.744753804058
641,1186.523477976909,1540.0371371423826
642,1511.3450308805332,2349.218732410809
643,2944.7375394469127,2288.3706895315554
644,1705.3880032540765,1734.8237051814795
645,3904.339187834179,3760.102731894469
646,2415.4886489128694,2340.0919690390583
647,2443.717239368474,2835.3012509308755
648,2859.8381944959983,2404.030259255087
649,2969.85394600383,2359.388048275374
650,2074.503537680721,1711.5533084457275
651,909.72116023954,1122.610535086831
652,2644.8407043432817,2540.3092184066772
653,1049.5696702143177,1139.023990436457
654,1413.0309834701475,1279.3411538600922
655,1482.8214190953877,1156.462597185513
656,1576.003204163164,1571.9221895223018
657,1474.880019903183,1837.0169403403997
658,1871.7986306166276,2267.807075166842
659,1403.2971656015143,2064.173520099139
660,1532.7772625898942,1411.3154880069196
661,960.8550007583108,939.062665968202
662,8073.696722984314,6074.912039974472
663,2235.2684276157524,2196.8022091758903
664,1327.6380193820223,1223.9754574811086
665,1329.1864083090331,1103.657630838221
666,1327.8866696932819,1871.362847491866
667,1240.5516950553283,1620.6761352622416
668,1060.0767419338226,1287.3184982202947
669,2953.847898273729,2855.3991890214384
670,870.2192697515711,1241.978638424538
671,2478.6441633754876,2648.235200610012
672,1267.6386890551075,1916.953453494003
673,1941.809416051954,2426.579643374076
674,1476.7576747795101,1954.5081619620323
675,1211.169740140438,1694.2697464299854
676,1402.0051729341503,1458.7823997267988
677,861.346242561005,1040.1837127171457
678,3351.2942574610934,2601.6223594730254
679,1216.0678767187055,1247.3006869545206
680,1404.8454573450144,1680.2555489204824
681,3221.7320615851786,2485.045144615462
682,1645.6689661925193,2825.7847738561686
683,8144.869440939277,6224.547914489172
684,3102.4694235099014,2339.1402277350426
685,942.0877396368887,1140.6326414661016
686,2489.3463259709533,2399.9348796547856
687,1744.0409886126872,1456.676501473179
688,1232.21229153662,1668.9716031083371
689,1478.6693682521582,2009.2797084441409
690,1265.6912145018578,1105.712419030955
691,1532.5918947157916,1479.2154202004895
692,2709.913409366971,2886.3601506268606
693,2603.277350311866,2493.742508891737
694,1375.5521948707756,2317.643429990858
695,3386.6069063544273,2600.5428044775035
696,6249.068451829022,5044.756422264269
697,3673.9435402443632,3358.02156971395
698,3596.122586514801,3722.355198375648
699,693.9509253276046,693.9622886755969
700,7284.710187537363,5715.760811513057
701,1936.0875696835574,2686.692400529748
702,3054.1905843650457,2504.4983257518616
703,1073.877953514224,1251.4936889742967
704,1687.892687230371,2267.184719823068
705,903.7429031990469,1164.1453399658203
706,920.7581960966345,1583.622737100115
707,1777.8980027502403,2046.649182226276
708,1452.9287899350747,1778.76249769493
709,1376.0171272826847,1537.403650045395
710,1670.6677951642778,1232.9684830193873
711,1272.6643670937046,2079.2164122909307
712,7942.321874915622,5995.086318016052
713,2570.217262843391,2302.1687913348433
714,3032.021932108095,2332.09975170251
715,1480.640116866678,1172.019732980989
716,1093.4666600190103,933.8226397985127
717,1629.4875913315918,1466.9911152978893
718,1359.5817683301866,1279.5978908799589
719,2332.975810035132,2126.6490355096757
720,1806.7465511029586,1796.0984818786383
721,2350.335407504579,2706.2035535292234
722,1623.2652084194124,2024.4568079614546
723,3379.3472391217947,3713.988418455934
724,3889.979445302626,3075.001626951387
725,2253.3673981537577,3168.1373432220425
726,1812.143492504023,1682.9282280595507
727,2558.9576647421345,2274.950694733998
728,7445.479144390672,5916.536280966364
729,2410.875363405794,2249.042323171161
730,1160.721846810542,1383.092277101241
731,3039.653874853393,2663.699849460041
732,844.4865447969642,805.6459309232887
733,1141.7219753598329,1269.8955353349447
734,935.4065208435059,907.431620313786
735,2481.5121686421335,2830.290674573742
736,7534.591791556915,5891.71188756451
737,980.9894740842283,825.0478534661233
738,2688.263015601551,2762.657795317238
739,2821.335277789971,2222.7945985959377
740,3399.4687515348196,3759.488563299179
741,2541.6753834465053,2296.7362234443426
742,2106.397705017589,2660.859633682063
743,905.3381754672155,775.063626073068
744,1654.039087738609,1759.8616163597908
745,3150.2393675660715,4408.0748270077165
746,1139.5671128870454,1391.1193200862035
747,2245.130343768513,3482.9134562453255
748,1324.458817078732,1663.0048211729154
749,1420.6848411560059,1458.608996735653
750,3133.769437021576,2366.9534890817013
751,6694.803872927092,5918.457097891485
752,1405.7767639381345,1463.3681190328207
753,1746.9181800147053,2486.7465264627244
754,1824.8931454271078,2450.12592767179
755,2556.2794400304556,2222.4650630855467
756,734.6457170844078,756.1398317664862
757,1763.8824430515524,1536.3598344882485
758,6082.89557858929,4902.274667440914
759,6609.535426080227,5154.370153823635
760,1395.1882286071777,1692.2622153682169
761,1996.6346239259,1990.0012806633022
762,2790.7626638375223,3143.4300460850354
763,7775.821584179765,5915.267724752426
764,3222.187514686724,2798.350163185736
765,8588.291437610984,6444.333464806667
766,1723.2364365598187,2193.600544318557
767,1321.6593607431278,1810.1188233157154
768,2810.2443982900586,3588.5815325044096
769,694.9158404311165,649.8100726155099
770,1087.1424201577902,1234.0236167907715
771,1129.2048535607755,1155.7694046141114
772,656.5822906435933,817.0696503957734
773,1130.9963364452124,1412.8001776093151
774,3300.9131000449415,3589.4561179371085
775,2069.6664856523275,2841.765532281017
776,2120.9914262795355,2273.15830912604
777,1688.9907531142235,1284.8113190969452
778,3128.245805903338,2598.548219214892
779,7133.487738519674,5594.25218079146
780,1373.9251454835758,1635.0497205310967
781,2003.0423185219988,1865.6175953929778
782,1034.6309922055807,1305.52125149942
783,1215.5810336470604,1145.9936728624161
784,2712.958924820414,2512.211330678314
785,976.6027936786413,1564.569182023406
786,8380.640059044352,6259.573581352597
787,2679.345581173664,2899.750168531202
788,4242.923533940455,3729.0453615167644
789,1466.2267273357138,1691.081247519469
790,1525.9233194440603,2015.8261795544531
791,1237.7718306349125,1781.2776757308748
792,1948.7948776686098,1808.581606987631
793,7910.613064422272,6015.054036467336
794,975.4672105682548,942.460330122849
795,1127.9521000236273,1015.8579768685158
796,1112.032055390766,1038.0163046484813
797,1862.6397207358386,1489.5655461770948
798,698.5589708683547,634.9901720136404
799,2147.789223935455,2432.9180152406916
800,1305.8624673706945,2067.5052885860205
801,1758.3128462804016,1812.86804529652
802,1330.04883579514,1726.4250344252214
803,1452.2716180449352,1263.7505225539207
804,1286.1269414192066,1583.9040254091378
805,993.765533413738,847.9925308243837
806,3232.8367011388764,3366.0659320761915
807,6980.347390360199,5547.639084576629
808,1427.253331890097,1708.8908208869398
809,2249.141243396094,2230.931372985244
810,1832.662210858427,1711.9843436309602
811,1604.2582366131246,2084.681099759182
812,2093.8814442062285,1604.2453311698046
813,2686.641935541993,2508.5911551543977
814,1023.7618017755449,765.621501035057
815,2753.120022317162,2167.540147683583
816,794.5278123763856,707.6949484699871
817,3307.8780406974256,4241.249534755712
818,2787.69215697702,2203.8699387477245
819,1119.038511382183,1168.1731026244815
820,2919.491217059782,2483.0295066905674
821,3569.340543994447,2735.0886216824874
822,1274.966490359744,1274.4024431398138
823,2610.624324581586,2279.3212293945253
824,1302.3557178070769,1122.8550323760137
825,2357.41502100206,2066.7692424894776
826,2967.704136725515,3219.82506002835
827,1761.512188515626,2390.8817127263173
828,1218.0036764144897,1178.5943118089344
829,1418.1251244833693,1350.9497646084055
830,1124.4887626757845,1412.6599566934165
831,3025.076510846615,2356.1460480892565
832,2286.8150454610586,2536.1637025994714
833,1044.4218672877178,1451.1153406368103
834,552.7100592551287,457.5790587281808
835,7844.682387381559,6062.861221190309
836,1514.5996854305267,2426.2320456427988
837,1701.9800106501207,2734.965671009384
838,7351.98913946352,5776.4194717423525
839,2383.4673954909667,2766.5910785605665
840,2736.9456742992625,2436.607258862816
841,3185.84333708114,2511.4489981150255
842,893.3820871328935,1286.565542041324
843,3325.7870570828672,2883.4023743511643
844,3846.0409539109096,4774.252464754274
845,1029.9203013842925,894.8686422668397
846,1188.1278504671063,1611.8945965012535
847,825.4500198380556,876.6827399858739
848,833.174674479058,748.0695207619574
849,1585.6514741738793,1470.392720512813
850,1287.6148197501898,1450.573702803813
851,1834.1069788688328,2412.301126307808
852,3133.944818660384,2491.7433286418673
853,1703.9079332118854,1404.0318966722116
854,1782.9051072597504,2315.5979081243277
855,2184.535388272023,1831.0190858819988
856,1580.5869765719399,1383.598494332051
857,970.8138185401913,1187.7462855649646
858,1960.7677781945094,1536.3479451795574
859,1037.902483806014,1434.2003095215186
860,8070.64501369535,6183.358691930771
861,1970.1428976932075,2326.5952077945694
862,1419.3939634019043,1745.6313574975356
863,1991.2115469565615,2484.7633173679933
864,1198.6322262501344,1196.6723937653005
865,1259.5443535661325,1766.7185622730758
866,7685.998730651801,5790.892501668772
867,8060.400997699937,6096.429641723633
868,1189.8189191659912,1385.9535298906267
869,1210.1079088167753,1619.010743422201
870,2539.6997782585677,2280.9623360037804
871,2552.916892545065,2592.4976937153842
872,1194.5262321995106,1717.3800471387804
873,982.633509542793,929.9813576778397
874,1118.4812910398468,1551.3759522289038
875,1337.293834737502,1664.7969335913658
876,2988.0314313834533,2468.4907531281933
877,2193.5115811675787,2831.5365503421053
878,1798.1028592577204,2160.168491151184
879,1537.1834942025598,2138.3848869651556
880,8583.310593828559,6411.610663681291
881,2884.162670752965,2531.251273389673
882,2151.971269621514,2508.6051729468163
883,3184.745421580039,3262.9484474619385
884,1526.9338856600225,1767.0217213397846
885,2566.114159054123,2006.0706730314996
886,1711.5100903771818,1317.6447892689612
887,3060.5915349042043,2908.5777574442327
888,1332.6710510253906,1975.4261643886566
889,1144.8320968614426,1722.8382968415972
890,3543.887817585608,2806.483575350605
891,1324.4348403883632,2121.1354637145996
892,1451.519787983736,1686.8948911344633
893,1265.9841574421152,1807.3669108143076
894,1488.271379813319,1239.3268575668335
895,1634.495465764543,1972.8659639274701
896,1214.263420357369,1624.5067752590403
897,2974.8508097098675,2583.3081605397165
898,1071.0434522032738,1212.9594697356224
899,7841.772960424423,6032.635833740234
900,1514.179107508622,2324.135997088393
901,3202.3363081624266,3004.280382468365
902,1480.037826537853,1478.3096322601195
903,556.217305525206,650.5393384376075
904,3108.2483572363853,2443.6606915956363
905,1562.801252788864,1199.0287475846708
906,7124.115639737807,5590.782176691806
907,1537.199965215288,1335.6194172790274
908,1889.9129320101347,2375.0636780820787
909,3148.053441762924,2810.638125760248
910,1201.9098903012928,1205.2052800655365
911,1321.1679457628634,1706.4888821577188
912,1100.877963743871,1041.152003489202
913,950.1313302135095,1252.8235099220183
914,1978.7899808799848,2413.339272711193
915,1696.4345548367128,1558.346507727867
916,1953.0998359711375,2664.3933348839637
917,2396.91184419184,2991.8276909356937
918,1165.9059715270996,1041.8654360657092
919,1709.2165961852297,1245.9558627745137
920,1027.5918766593095,823.0846303068101
921,2038.7106392001733,2495.1227971536573
922,2011.2209963463247,2091.5006462186575
923,2773.672363385558,2155.207241855329
924,842.3551299786195,682.1154975583777
925,1526.446672826074,1181.678526266478
926,1126.7184046050534,1127.8254935385194
927,984.9294221939053,1005.1758911812212
928,2369.6129660150036,2073.104614701122
929,1376.9783660024405,1987.4512042962015
930,2459.0634858002886,3089.0538433641195
931,943.8323912471533,1248.7345042077359
932,1159.5988719498273,1543.65989067778
933,1242.6183868609369,1877.8198321452364
934,1093.3323477357626,1976.8804317878094
935,2609.592581651872,2346.7166417723056
936,1458.5026661695447,1512.6940457017627
937,2257.1985222687945,1844.788694321178
938,1195.1925439124461,1619.0816880529746
939,2389.3950750080403,3100.1376795731485
940,1271.6836114914622,1248.7574230497703
941,2884.4965150021017,2332.239812029293
942,784.7148064933717,1022.1393628334627
943,1152.504830523394,879.3950435479637
944,2303.547150454484,2372.2518756352365
945,838.8849713653326,1062.9011906981468
946,1439.1182326579,1847.5798138508108
947,1166.0235106495675,917.9092848291621
948,2813.6533033808228,2428.548180080019
949,6784.377660281025,5499.161230588099
950,2177.338886603713,2068.6105923345312
951,840.841414745897,945.8622233306523
952,1151.8109364339616,1050.9507250168826
953,3104.7701930096373,2745.9425962490495
954,1126.1811794927344,1124.5817841475364
955,2777.5563643423375,2162.58212327864
956,1009.8291410058737,1387.1215585684404
957,2842.4652289261576,2380.647847201675
958,6202.407834037207,5172.046546830796
959,1773.8436954112258,2446.104550345801
960,4304.9192724227905,4746.75971251633
961,861.7093949904665,796.2996101640165
962,2195.0969287285116,2930.367051376961
963,2771.418075381778,2091.360787642887
964,1958.527975118719,2470.0238189508673
965,1306.8688591569662,1965.1364738789853
966,2877.8954549795017,2266.388657703763
967,1743.362365236273,2219.565698917955
968,2398.637661518296,3024.1721649167594
969,2782.895236006938,2318.354628974339
970,3702.886660596123,2646.2324708567467
971,1506.1069600433111,1161.3195960500743
972,1051.5710191130638,1546.7975083850324
973,3384.9369658750948,2710.3992771469057
974,1237.438093358418,1601.3493328681216
975,1312.3317228646483,1323.7714462128934
976,1314.2737750411034,1460.9518680644687
977,947.0865024887025,902.7404573997483
978,2001.8065667739138,2119.4347929358482
979,3071.3612451811787,2669.9047310629394
980,1463.9093889498618,1572.6980285039172
981,3384.2768785522785,3500.110016770428
982,5012.158435450634,4057.5629422664642
983,1290.789840763202,1213.551865635207
984,788.362068593502,981.7574434839189
985,8538.924422658747,6365.711514491355
986,5068.221656730166,4305.123421488097
987,1059.4896813405212,1493.9317244654521
988,3797.9810942576732,3324.321953693172
989,7991.6317240512,6081.081857419573
990,880.8576447737869,1177.3516748808324
991,2461.618270635372,2600.7624150430784
992,754.6241568177938,701.8428820334375
993,2766.7051204061136,2258.3143167858943
994,3122.951198517345,2488.556391907623
995,1934.4211535879876,2013.2276764959097
996,1295.1783155591693,1361.4083453898784
997,2719.5565443402156,2758.2599226795137
998,1078.6341960185673,879.8703948946204
999,2087.548656757921,2856.4801857264247
1000,1879.850833302131,1614.1987195813563
1001,1890.6840483807027,2387.6365849440917
1002,3368.912584880134,2624.7790919756517
1003,2250.8945861679967,2211.6754340042826
1004,2628.2052371045575,2309.5136172315106
1005,1491.4361853951123,1190.307561626425
1006,1981.5773198222741,2361.6168611661997
1007,1752.1862267544493,2165.2926535138395
1008,3299.581713423133,3922.317001483403
1009,599.6512333282735,957.5120209639426
1010,1429.0849421562161,1692.6991449387278
1011,3044.845534993103,2744.0374043649063
1012,1723.372657239437,2597.305573537713
1013,1361.688414361095,1389.6970807292964
1014,2715.787624237826,1983.486950240098
1015,7035.163988586515,6310.417681879364
1016,792.4513283015694,695.2236958367284
1017,790.6609312854707,1245.9438332915306
1018,1804.9435881113168,2250.9392055959906
1019,1896.6865382657852,1931.2014051526785
1020,6696.555500291055,5414.463341011666
1021,2534.985385514563,2851.007754317485
1022,1866.0072015440091,1763.3535298369825
1023,1219.9658470153809,1210.315583344316
1024,7799.799022138119,5902.918135445332
1025,1377.42329674121,1581.1632437554654
1026,6721.095837390982,5276.3305750133
1027,2830.6005891412497,2361.9477066388354
1028,1004.434050437063,1281.4213877283037
1029,1436.2719651756343,2357.453552096151
1030,842.8533816223498,797.7822121940553
1031,2322.1967028824147,2523.0787139981985
1032,2923.382287442684,2294.6587517522275
1033,2865.24262930057,2904.5401352494955
1034,749.3527733047958,788.2961732065305
1035,3006.961308890721,2313.1135390305426
1036,1317.3897142054047,1803.06489817705
1037,2562.819477857789,2925.8618966480717
1038,2577.3500549995806,2207.0408730125055
1039,5406.448897152208,4856.022505221656
1040,1470.7320650403854,1869.3073149882257
1041,2787.393479106715,2489.191222733818
1042,754.1934423446655,991.7097085407004
1043,3545.856805190444,3282.468285860261
1044,2376.6149214869365,2111.8739497379865
1045,1485.4587111582514,1395.9909624299034
1046,2744.7314560094383,2236.0622743645217
1047,2682.3787678247318,2974.507765858434
1048,1136.319197650766,1676.099420251092
1049,2841.300690278411,3569.682105719112
1050,1755.5810287138447,1685.8013547842856
1051,3238.6541867023334,2472.7439420223236
1052,1565.782446037745,1532.4370104437694
1053,1610.6947321295738,1728.374183639884
1054,1404.9797362349927,1602.418560350081
1055,1670.0557812617626,2644.043879136443
1056,1399.4373781299219,1645.1590758180246
1057,3969.7742306271102,4287.6212968192995
1058,4813.4947643911,4347.477922602557
1059,2617.0285626517143,2147.7098817676306
1060,3130.4107205716427,2572.9159062465187
1061,3663.0288141816854,2802.758772431873
1062,992.3864516532049,825.9042434839066
1063,6410.147823146544,4564.76947067678
1064,1284.3844684658106,1046.692481254926
1065,657.1870528643485,780.6560420410242
1066,2770.6095557247754,2833.5455965613946
1067,1264.0633717626333,1857.9459394179285
1068,1711.824425617,1320.9650267800316
1069,1537.127779222792,1938.87447678647
1070,2915.1621078343596,3215.829990911996
1071,966.0272955035325,839.2456392140593
1072,1192.9195708704647,923.7571769205388
1073,1345.3651315532625,1134.212644062005
1074,1733.5418902800884,2124.58611296094
1075,3068.1304207891226,2376.3381261229515
1076,940.5372745560016,1197.024874660885
1077,1112.3711299558636,1294.4129562654998
1078,2797.0555531596765,2361.372475876473
1079,1605.3333339372184,2198.3795467892196
1080,1348.9175089290366,1053.910278186202
1081,8491.194879697403,6348.041133733233
1082,4875.847586139105,4251.7153879394755
1083,1688.779695339268,1437.7879188051447
1084,2818.305845892988,2243.5075375400484
1085,7522.8456024974585,5791.846690550214
1086,2690.069237208925,2491.0941087594256
1087,2312.957621972775,2473.717004135018
1088,882.7300786504056,939.0326748257503
1089,1062.0765887664165,1637.6630449360237
1090,1994.8642936756369,1990.9956468732562
1091,2846.0112821450457,3000.3781327323522
1092,1632.747173106065,1915.2435503071174
1093,731.4635711377487,766.8507637863513
1094,2535.4380128383636,3009.088543257676
1095,1356.1823706214782,1156.5566529573407
1096,1818.2799279873725,2089.100861668354
1097,2537.6377461217344,2280.266187131405
1098,1436.6221160048153,1676.916078379145
1099,2279.375160118332,2366.757134428015
1100,1110.1330021908507,876.527125740191
1101,8470.340200783452,6367.152908325195
1102,2719.878090729704,2811.1635400271043
1103,1614.2427008114755,1306.9213106294628
1104,1285.953741937643,1956.1449455618858
1105,2474.037607631646,2819.4463707469404
1106,3281.600913675269,2527.3601731227245
1107,5037.409370856127,4102.196441053413
1108,2186.7291034422815,2987.17161097168
1109,1277.6351923902985,1192.7798938415945
1110,1074.3287843333092,1704.5941111815628
